,best catalogue,layerid,min mag,start,events,years,activity rate,DT,BZ,KSE',KSU,all,w/o BZ
0,declustered raw,1,4.0,2001,2397,8,299.625,1.373831800776562e-47,0.0,9.037215420448774e-14,0.0,0.0,0.0
1,declustered mainshocks,2,4.0,1987,3889,22,176.77272727272728,1.428331075683907e-10,0.0,0.03691094545052926,0.00865383185277607,0.0,2.2972856555829625e-11
2,declustered mainshocks,3,4.0,1994,1100,15,73.33333333333333,2.43916140718928e-18,0.0,0.0691430639923476,1.2320056086423392e-10,0.0,4.6707209467081457e-26
3,declustered mainshocks,4,4.0,1988,259,21,12.333333333333334,6.259083430578632e-20,0.0,0.0016202230596336076,7.114778899364183e-08,0.0,1.6734866135495743e-26
